Database
mysql> create database puzzle;
Query OK, 1 row affected (0.14 sec)

create table user (
  name varchar(30) not null,
  accountID varchar(30) not null,
  pass varchar(30) not null,
  point int default 0 check(point >= 0),
  puzzleID int primary key auto_increment
);
  
mysql> use puzzle;
Database changed

mysql> create table user (
    ->   name varchar(30) not null,
    ->   accountID varchar(30) not null,
    ->   pass varchar(30) not null,
    ->   point int default 0 check(point >= 0),
    ->   puzzleID int primary key auto_increment
    -> );
Query OK, 0 rows affected (1.52 sec)

+-----------+-------------+------+-----+---------+----------------+
| Field     | Type        | Null | Key | Default | Extra          |
+-----------+-------------+------+-----+---------+----------------+
| name      | varchar(30) | NO   |     | NULL    |                |
| accountID | varchar(30) | NO   |     | NULL    |                |
| pass      | varchar(30) | NO   |     | NULL    |                |
| point     | int         | YES  |     | 0       |                |
| puzzleID  | int         | NO   | PRI | NULL    | auto_increment |
+-----------+-------------+------+-----+---------+----------------+

select * from user;
Empty set (0.00 sec)

create table cell (
  puzzleID varchar(30) primary key,
  cell0 int default 0,
  cell1 int default 0,
  cell2 int default 0,
  cell3 int default 0,
  cell4 int default 0,
  cell5 int default 0,
  cell6 int default 0,
  cell7 int default 0,
  cell8 int default 0,
  cell9 int default 0,
  cell10 int default 0,
  cell11 int default 0,
  cell12 int default 0,
  cell13 int default 0,
  cell14 int default 0,
  cell15 int default 0,
  cell16 int default 0,
  cell17 int default 0,
  cell18 int default 0,
  cell19 int default 0,
  cell20 int default 0,
  cell21 int default 0,
  cell22 int default 0,
  cell23 int default 0,
  cell24 int default 0,
  cell25 int default 0
);

Query OK, 0 rows affected (0.65 sec)

mysql> show columns from cell;
+----------+-------------+------+-----+---------+-------+
| Field    | Type        | Null | Key | Default | Extra |
+----------+-------------+------+-----+---------+-------+
| puzzleID | varchar(30) | NO   | PRI | NULL    |       |
| cell0    | int         | YES  |     | 0       |       |
| cell1    | int         | YES  |     | 0       |       |
| cell2    | int         | YES  |     | 0       |       |
| cell3    | int         | YES  |     | 0       |       |
| cell4    | int         | YES  |     | 0       |       |
| cell5    | int         | YES  |     | 0       |       |
| cell6    | int         | YES  |     | 0       |       |
| cell7    | int         | YES  |     | 0       |       |
| cell8    | int         | YES  |     | 0       |       |
| cell9    | int         | YES  |     | 0       |       |
| cell10   | int         | YES  |     | 0       |       |
| cell11   | int         | YES  |     | 0       |       |
| cell12   | int         | YES  |     | 0       |       |
| cell13   | int         | YES  |     | 0       |       |
| cell14   | int         | YES  |     | 0       |       |
| cell15   | int         | YES  |     | 0       |       |
| cell16   | int         | YES  |     | 0       |       |
| cell17   | int         | YES  |     | 0       |       |
| cell18   | int         | YES  |     | 0       |       |
| cell19   | int         | YES  |     | 0       |       |
| cell20   | int         | YES  |     | 0       |       |
| cell21   | int         | YES  |     | 0       |       |
| cell22   | int         | YES  |     | 0       |       |
| cell23   | int         | YES  |     | 0       |       |
| cell24   | int         | YES  |     | 0       |       |
| cell25   | int         | YES  |     | 0       |       |
+----------+-------------+------+-----+---------+-------+

mysql> insert into user (name, accountID, pass, point)
    -> values ('三上','leader','leader',0);
Query OK, 1 row affected (0.08 sec)

mysql> select * from user;
+--------+-----------+--------+-------+----------+
| name   | accountID | pass   | point | puzzleID |
+--------+-----------+--------+-------+----------+
| 三上   | leader    | leader |     0 |        1 |
+--------+-----------+--------+-------+----------+
1 row in set (0.00 sec)

mysql> insert into cell (puzzleID) values (1);
Query OK, 1 row affected (0.08 sec)

mysql> select * from cell;
+----------+-------+-------+-------+-------+-------+-------+-------+-------+-------+-------+--------+--------+--------+--------+--------+--------+--------+--------+--------+--------+--------+--------+--------+--------+--------+--------+
| puzzleID | cell0 | cell1 | cell2 | cell3 | cell4 | cell5 | cell6 | cell7 | cell8 | cell9 | cell10 | cell11 | cell12 | cell13 | cell14 | cell15 | cell16 | cell17 | cell18 | cell19 | cell20 | cell21 | cell22 | cell23 | cell24 | cell25 |
+----------+-------+-------+-------+-------+-------+-------+-------+-------+-------+-------+--------+--------+--------+--------+--------+--------+--------+--------+--------+--------+--------+--------+--------+--------+--------+--------+
| 1        |     0 |     0 |     0 |     0 |     0 |     0 |     0 |     0 |     0 |     0 |      0 |      0 |      0 |      0 |      0 |      0 |      0 |      0 |      0 |      0 |      0 |      0 |      0 |      0 |      0 |      0 |
+----------+-------+-------+-------+-------+-------+-------+-------+-------+-------+-------+--------+--------+--------+--------+--------+--------+--------+--------+--------+--------+--------+--------+--------+--------+--------+--------+
1 row in set (0.00 sec)


//###### 原先生 ######
mysql> create table cell2 (colors integer);
Query OK, 0 rows affected (0.86 sec)

mysql> select * from cell2;
Empty set (0.00 sec)

mysql> insert into cell2 values(0);
Query OK, 1 row affected (0.10 sec)

mysql> select * from cell2;
+--------+
| colors |
+--------+
|      0 |
+--------+
1 row in set (0.00 sec)

mysql> create table cell3 (id integer, userid integer, colors integer);
Query OK, 0 rows affected (0.55 sec)

mysql> insert into cell3 values(1, 1, 0);
Query OK, 1 row affected (0.07 sec)

mysql> select * from cell3;
+------+--------+--------+
| id   | userid | colors |
+------+--------+--------+
|    1 |      1 |      0 |
+------+--------+--------+
1 row in set (0.00 sec)

mysql> insert into cell3 values(2, 1, 0);
Query OK, 1 row affected (0.14 sec)

mysql> select * from cell3;
+------+--------+--------+
| id   | userid | colors |
+------+--------+--------+
|    1 |      1 |      0 |
|    2 |      1 |      0 |
+------+--------+--------+
2 rows in set (0.00 sec)

mysql> select colors from cell3 where userid=3;

/*
 * ====== 原先生 TestServlet ======
 * */

package DAO;

import java.io.IOException;
import java.sql.Connection;
import java.sql.DriverManager;
import java.sql.PreparedStatement;
import java.sql.ResultSet;
import java.sql.SQLException;

import javax.servlet.ServletException;
import javax.servlet.annotation.WebServlet;
import javax.servlet.http.HttpServlet;
import javax.servlet.http.HttpServletRequest;
import javax.servlet.http.HttpServletResponse;


@WebServlet("/test1")
public class test1 extends HttpServlet {
	private static final long serialVersionUID = 1L;
    private static final String JDBC_URL = "jdbc:mysql://localhost:3306/puzzle?characterEncoding=utf-8&serverTimezone=JST";
    private static final String DB_USER = "root";////jdbc:mysql://localhost:3306/
    private static final String DB_PASS = "root";//C:\\ProgramData\\MySQL\\MySQL Server 8.0\\Data/


	protected void doGet(HttpServletRequest request, HttpServletResponse response) throws ServletException, IOException {

	    Connection conn = null;
	      try {
	          //データベースにつなぐ処理
	          conn = DriverManager.getConnection(JDBC_URL, DB_USER, DB_PASS);

	          //セレクト文の準備

	          String sql = "select cell? from cell where puzzleID = 1";

	          //SQL文を送る
	          PreparedStatement pStmt = conn.prepareStatement(sql);

              //SQL文を実行し結果を取得
              ResultSet rs = pStmt.executeQuery();


	          int[] colorDB = new int[26];
	          for (int i = 1; i <= 25; i++) {
	              pStmt.setInt(1,i);


	              //セレクト文の結果を取得
	              colorDB[i] = rs.getInt("cell" + i);
	          }//for i

	          System.out.println(colorDB);

	      } catch (SQLException e) {
	          e.printStackTrace();
	          //return null;

	      } finally {
	          try {
	              conn.close();
	          } catch (SQLException e) {
	              e.printStackTrace();
	              //return null;
	          }
	      }//finally

	}


	protected void doPost(HttpServletRequest request, HttpServletResponse response) throws ServletException, IOException {

	}

}
// ====== 原先生 DAOを調べた部分 ======
https://oshiete.goo.ne.jp/qa/2170935.html
Connection con =DriverManager.getConnection(～);
Statement stmt = con.createStatement();
String sql="";
ResultSet rs = stmt.executeQuery(sql);
while(rs.next())
{
int int_a = rs.getInt(～);
String str_a = rs.getString(～);
String str_b = rs.getString(～);
}
stmt.close();
con.close();

//###### DBの書き換え ######
table: matrix
column: puzzleID, cell, color
type: int, int, int
key: primary, not null,default 0

×create table matrix (
  puzzleID integer primary key,
  cell integer not null,
  color integer default 0
);

+----------+------+------+-----+---------+-------+
| Field    | Type | Null | Key | Default | Extra |
+----------+------+------+-----+---------+-------+
| puzzleID | int  | NO   | PRI | NULL    |       |
| cell     | int  | NO   |     | NULL    |       |
| color    | int  | YES  |     | 0       |       |
+----------+------+------+-----+---------+-------+


mysql> insert into matrix (puzzleID, cell, color) values (1, 1, 0);
ERROR 1062 (23000): Duplicate entry '1' for key 'matrix.PRIMARY'

//primary なので puzzleID を１に26個入れるのは不可
//table mateixの primaryを外す

drop table matrix;

create table matrix (
  puzzleID integer not null,
  cell integer not null,
  color integer default 0
);

mysql> show columns from matrix;
+----------+------+------+-----+---------+-------+
| Field    | Type | Null | Key | Default | Extra |
+----------+------+------+-----+---------+-------+
| puzzleID | int  | NO   |     | NULL    |       |
| cell     | int  | NO   |     | NULL    |       |
| color    | int  | YES  |     | 0       |       |
+----------+------+------+-----+---------+-------+

insert into matrix (puzzleID, cell, color) values (1, 0, 0);
insert into matrix (puzzleID, cell, color) values (1, 1, 0);
insert into matrix (puzzleID, cell, color) values (1, 2, 0);
insert into matrix (puzzleID, cell, color) values (1, 3, 0);
insert into matrix (puzzleID, cell, color) values (1, 4, 0);
insert into matrix (puzzleID, cell, color) values (1, 5, 0);
insert into matrix (puzzleID, cell, color) values (1, 6, 0);
insert into matrix (puzzleID, cell, color) values (1, 7, 0);
insert into matrix (puzzleID, cell, color) values (1, 8, 0);
insert into matrix (puzzleID, cell, color) values (1, 9, 0);
insert into matrix (puzzleID, cell, color) values (1, 10, 0);
insert into matrix (puzzleID, cell, color) values (1, 11, 0);
insert into matrix (puzzleID, cell, color) values (1, 12, 0);
insert into matrix (puzzleID, cell, color) values (1, 13, 0);
insert into matrix (puzzleID, cell, color) values (1, 14, 0);
insert into matrix (puzzleID, cell, color) values (1, 15, 0);
insert into matrix (puzzleID, cell, color) values (1, 16, 0);
insert into matrix (puzzleID, cell, color) values (1, 17, 0);
insert into matrix (puzzleID, cell, color) values (1, 18, 0);
insert into matrix (puzzleID, cell, color) values (1, 19, 0);
insert into matrix (puzzleID, cell, color) values (1, 20, 0);
insert into matrix (puzzleID, cell, color) values (1, 21, 0);
insert into matrix (puzzleID, cell, color) values (1, 22, 0);
insert into matrix (puzzleID, cell, color) values (1, 23, 0);
insert into matrix (puzzleID, cell, color) values (1, 24, 0);
insert into matrix (puzzleID, cell, color) values (1, 25, 0);
Query OK, 1 row affected (0.10 sec)

mysql> select * from matrix;
+----------+------+-------+
| puzzleID | cell | color |
+----------+------+-------+
|        1 |    0 |     0 |
|        1 |    1 |     0 |
|        1 |    2 |     0 |
|        1 |    3 |     0 |
|        1 |    4 |     0 |
|        1 |    5 |     0 |
|        1 |    6 |     0 |
|        1 |    7 |     0 |
|        1 |    8 |     0 |
|        1 |    9 |     0 |
|        1 |   10 |     0 |
|        1 |   11 |     0 |
|        1 |   12 |     0 |
|        1 |   13 |     0 |
|        1 |   14 |     0 |
|        1 |   15 |     0 |
|        1 |   16 |     0 |
|        1 |   17 |     0 |
|        1 |   18 |     0 |
|        1 |   19 |     0 |
|        1 |   20 |     0 |
|        1 |   21 |     0 |
|        1 |   22 |     0 |
|        1 |   23 |     0 |
|        1 |   24 |     0 |
|        1 |   25 |     0 |
+----------+------+-------+


//###### DBの更新 2020-06-12 ######
//====== matrix_tb の更新 ======
table: matrix
column: puzzleId, cell, color, saveDateTime
type: int, int, int, varchar(30)
key: not null, not null,default 0, not null


旧版 show columns from matrix;
+----------+------+------+-----+---------+-------+
| Field    | Type | Null | Key | Default | Extra |
+----------+------+------+-----+---------+-------+
| puzzleID | int  | NO   |     | NULL    |       |
| cell     | int  | NO   |     | NULL    |       |
| color    | int  | YES  |     | 0       |       |
+----------+------+------+-----+---------+-------+

create table matrix (
  puzzleId integer not null,
  cell integer not null,
  color integer default 0,
  saveDateTime varchar(40) not null
);

Query OK, 0 rows affected (0.82 sec)

更新版：mysql> show columns from matrix;
(註) puzzleId の"ID"を"Id"に変更、saveDateTimeを追加
+--------------+-------------+------+-----+---------+-------+
| Field        | Type        | Null | Key | Default | Extra |
+--------------+-------------+------+-----+---------+-------+
| puzzleId     | int         | NO   |     | NULL    |       |
| cell         | int         | NO   |     | NULL    |       |
| color        | int         | YES  |     | 0       |       |
| saveDateTime | varchar(40) | NO   |     | NULL    |       |
+--------------+-------------+------+-----+---------+-------+

//-- デモData --
insert into matrix (puzzleId, cell, color, saveDateTime) values (1, 0, 9,'2020年6月11日(木) 14時20分7秒' );
insert into matrix (puzzleId, cell, color, saveDateTime) values (1, 1, 0,'2020年6月11日(木) 14時20分7秒');
insert into matrix (puzzleId, cell, color, saveDateTime) values (1, 2, 0,'2020年6月11日(木) 14時20分7秒');
insert into matrix (puzzleId, cell, color, saveDateTime) values (1, 3, 0,'2020年6月11日(木) 14時20分7秒');
insert into matrix (puzzleId, cell, color, saveDateTime) values (1, 4, 0,'2020年6月11日(木) 14時20分7秒');
insert into matrix (puzzleId, cell, color, saveDateTime) values (1, 5, 0,'2020年6月11日(木) 14時20分7秒');
insert into matrix (puzzleId, cell, color, saveDateTime) values (1, 6, 0,'2020年6月11日(木) 14時20分7秒');
insert into matrix (puzzleId, cell, color, saveDateTime) values (1, 7, 0,'2020年6月11日(木) 14時20分7秒');
insert into matrix (puzzleId, cell, color, saveDateTime) values (1, 8, 0,'2020年6月11日(木) 14時20分7秒');
insert into matrix (puzzleId, cell, color, saveDateTime) values (1, 9, 0,'2020年6月11日(木) 14時20分7秒');
insert into matrix (puzzleId, cell, color, saveDateTime) values (1, 10, 0,'2020年6月11日(木) 14時20分7秒');
insert into matrix (puzzleId, cell, color, saveDateTime) values (1, 11, 0,'2020年6月11日(木) 14時20分7秒');
insert into matrix (puzzleId, cell, color, saveDateTime) values (1, 12, 0,'2020年6月11日(木) 14時20分7秒');
insert into matrix (puzzleId, cell, color, saveDateTime) values (1, 13, 0,'2020年6月11日(木) 14時20分7秒');
insert into matrix (puzzleId, cell, color, saveDateTime) values (1, 14, 0,'2020年6月11日(木) 14時20分7秒');
insert into matrix (puzzleId, cell, color, saveDateTime) values (1, 15, 0,'2020年6月11日(木) 14時20分7秒');
insert into matrix (puzzleId, cell, color, saveDateTime) values (1, 16, 0,'2020年6月11日(木) 14時20分7秒');
insert into matrix (puzzleId, cell, color, saveDateTime) values (1, 17, 0,'2020年6月11日(木) 14時20分7秒');
insert into matrix (puzzleId, cell, color, saveDateTime) values (1, 18, 0,'2020年6月11日(木) 14時20分7秒');
insert into matrix (puzzleId, cell, color, saveDateTime) values (1, 19, 0,'2020年6月11日(木) 14時20分7秒');
insert into matrix (puzzleId, cell, color, saveDateTime) values (1, 20, 0,'2020年6月11日(木) 14時20分7秒');
insert into matrix (puzzleId, cell, color, saveDateTime) values (1, 21, 0,'2020年6月11日(木) 14時20分7秒');
insert into matrix (puzzleId, cell, color, saveDateTime) values (1, 22, 0,'2020年6月11日(木) 14時20分7秒');
insert into matrix (puzzleId, cell, color, saveDateTime) values (1, 23, 0,'2020年6月11日(木) 14時20分7秒');
insert into matrix (puzzleId, cell, color, saveDateTime) values (1, 24, 0,'2020年6月11日(木) 14時20分7秒');
insert into matrix (puzzleId, cell, color, saveDateTime) values (1, 25, 0,'2020年6月11日(木) 14時20分7秒');

Query OK, 1 row affected (0.11 sec)

mysql> select * from matrix;
(註) saveDateTimeの値は、Stringで渡すので、そのままvarchar(40)でDBに格納
　　　varcharは後半に空白を含むので出力時は注意
+----------+------+-------+--------------------------------------+
| puzzleId | cell | color | saveDateTime                         |
+----------+------+-------+--------------------------------------+
|        1 |    0 |     9 | 2020年6月11日(木) 14時20分7秒        |
|        1 |    1 |     0 | 2020年6月11日(木) 14時20分7秒        |
|        1 |    2 |     0 | 2020年6月11日(木) 14時20分7秒        |
|        1 |    3 |     0 | 2020年6月11日(木) 14時20分7秒        |
|        1 |    4 |     0 | 2020年6月11日(木) 14時20分7秒        |
|        1 |    5 |     0 | 2020年6月11日(木) 14時20分7秒        |
|        1 |    6 |     0 | 2020年6月11日(木) 14時20分7秒        |
|        1 |    7 |     0 | 2020年6月11日(木) 14時20分7秒        |
|        1 |    8 |     0 | 2020年6月11日(木) 14時20分7秒        |
|        1 |    9 |     0 | 2020年6月11日(木) 14時20分7秒        |
|        1 |   10 |     0 | 2020年6月11日(木) 14時20分7秒        |
|        1 |   11 |     0 | 2020年6月11日(木) 14時20分7秒        |
|        1 |   12 |     0 | 2020年6月11日(木) 14時20分7秒        |
|        1 |   13 |     0 | 2020年6月11日(木) 14時20分7秒        |
|        1 |   14 |     0 | 2020年6月11日(木) 14時20分7秒        |
|        1 |   15 |     0 | 2020年6月11日(木) 14時20分7秒        |
|        1 |   16 |     0 | 2020年6月11日(木) 14時20分7秒        |
|        1 |   17 |     0 | 2020年6月11日(木) 14時20分7秒        |
|        1 |   18 |     0 | 2020年6月11日(木) 14時20分7秒        |
|        1 |   19 |     0 | 2020年6月11日(木) 14時20分7秒        |
|        1 |   20 |     0 | 2020年6月11日(木) 14時20分7秒        |
|        1 |   21 |     0 | 2020年6月11日(木) 14時20分7秒        |
|        1 |   22 |     0 | 2020年6月11日(木) 14時20分7秒        |
|        1 |   23 |     0 | 2020年6月11日(木) 14時20分7秒        |
|        1 |   24 |     0 | 2020年6月11日(木) 14時20分7秒        |
|        1 |   25 |     0 | 2020年6月11日(木) 14時20分7秒        |
+----------+------+-------+--------------------------------------+
26 rows in set (0.00 sec)

// ====== user_tb の更新 ======
// userテーブルも"ID"→"Id"に変更

mysql> drop table user;
Query OK, 0 rows affected (0.48 sec)

create table user (
  name varchar(30) not null,
  accountId varchar(30) not null,
  pass varchar(30) not null,
  point int default 0 check(point >= 0),
  puzzleId int primary key auto_increment
);
Query OK, 0 rows affected (0.82 sec)

mysql> show columns from user;
+-----------+-------------+------+-----+---------+----------------+
| Field     | Type        | Null | Key | Default | Extra          |
+-----------+-------------+------+-----+---------+----------------+
| name      | varchar(30) | NO   |     | NULL    |                |
| accountId | varchar(30) | NO   |     | NULL    |                |
| pass      | varchar(30) | NO   |     | NULL    |                |
| point     | int         | YES  |     | 0       |                |
| puzzleId  | int         | NO   | PRI | NULL    | auto_increment |
+-----------+-------------+------+-----+---------+----------------+

insert into user (name, accountId, pass, point)
   values ('三上','leader','leader',0);

Query OK, 1 row affected (0.13 sec)

mysql> select * from user;
+--------+-----------+--------+-------+----------+
| name   | accountId | pass   | point | puzzleId |
+--------+-----------+--------+-------+----------+
| 三上   | leader    | leader |     0 |        1 |
+--------+-----------+--------+-------+----------+


 
